{"tipo": "Jurisprudência", "orgao": "TJDF 8ª Turma Cível", "titulo": "Apelação Cível 0012843-03.2015.8.07.0001", "classe": "Apelação Cível", "materias": ["Direito Civil", "Direito Processual Civil"], "ementa": "CIVIL E PROCESSUAL CIVIL. AÇÃO MONITÓRIA. CITAÇÃO REALIZADA APÓS O DECURSO DO PRAZO PRESCRICIONAL. PRESCRIÇÃO DA PRETENSÃO MONITÓRIA. RECONHECIMENTO. MANUTENÇÃO DA SENTENÇA.\n\t1.  Nos termos da Súmula nº 503 do colendo Superior Tribunal de Justiça, \"O prazo para ajuizamento de ação monitória em face do emitente de cheque sem força executiva é quinquenal, a contar do dia seguinte à data de emissão estampada na cártula\". \n\t2.  Evidenciado que a citação somente foi aperfeiçoada após o decurso do prazo prescricional, tem-se por correta a extinção da demanda monitória, com resolução do mérito, nos termos do artigo 485, inciso II, do Código de Processo Civil.\n\t3.  Recurso de Apelação conhecido e não provido.\n\n(Acórdão n.1082726, 20150110436469APC, Relator: NÍDIA CORRÊA LIMA 8ª TURMA CÍVEL, Data de Julgamento: 15/03/2018, Publicado no DJE: 19/03/2018. Pág.: 661/666)", "partes": ["BRASILIA CURSOS E CONCURSOS LTDA", "GRANCURSOS ESCOLA PARA CONCURSOS PUBLICOS LTDA", "ALISSON SILVA BATISTA DE MORAES"], "decisao": "Pelas razões expostas, NEGO PROVIMENTO AO RECURSO DE\nAPELAÇÃO e mantenho íntegra a r. sentença."}