{"tipo": "Jurisprudência", "orgao": "8ª Turma Cível do TJDFT", "titulo": "20150110436469APC - (0012843-03.2015.8.07.0001 - Res. 65 CNJ)", "classe": "Apelação Cível", "materias": ["Direito Civil", "Direito Processual Civil"], "ementa": "CIVIL E PROCESSUAL CIVIL. AÇÃO MONITÓRIA. CITAÇÃO REALIZADA APÓS O DECURSO DO PRAZO PRESCRICIONAL. PRESCRIÇÃO DA PRETENSÃO\nMONITÓRIA. RECONHECIMENTO. MANUTENÇÃO DA\nSENTENÇA.\n1. Nos termos da Súmula nº 503 do colendo Superior Tribunal\nde Justiça, \"O prazo para ajuizamento de ação monitória em\nface do emitente de cheque sem força executiva é quinquenal,\na contar do dia seguinte à data de emissão estampada na\ncártula\".\n2. Evidenciado que a citação somente foi aperfeiçoada após o\ndecurso do prazo prescricional, tem-se por correta a extinção\nda demanda monitória, com resolução do mérito, nos termos do\nartigo 485, inciso II, do Código de Processo Civil.\n3. Recurso de Apelação conhecido e não provido.", "partes": ["BRASILIA CURSOS E CONCURSOS LTDA GRANCURSOS ESCOLA PARA CONCURSOS PUBLICOS LTDA", "ALISSON SILVA BATISTA DE MORAES"], "decisao": "Recurso de Apelação conhecido e não provido. Unânime."}