{"tipo": "Jurisprudência", "orgao": "Plenário STF", "titulo": "AG.REG. NA AÇÃO CÍVEL ORIGINÁRIA 2.821 MATO GROSSO", "classe": "Agravo Regimental", "materias": "Direito Constitucional", "ementa": "AÇÃO CÍVEL ORIGINÁRIA. NEGATIVA DE EMISSÃO DE CERTIFICADO DE REGULARIDADE PREVIDENCIÁRIA. COMPETÊNCIA CONCORRENTE EM MATÉRIA DE PREVIDENCIA SOCIAL. ANÁLISE ADMINISTRATIVA. DESEQUILÍBRIO DA RELAÇÃO FEDERATIVA. NULIDADE DO ATO ADMINISTRATIVO. RESERVA JURISDICIONAL. AGRAVO REGIMENTAL A QUE SE NEGA PROVIMENTO. I  Compete à União, aos Estados e ao Distrito Federal legislar, concorrentemente, sobre previdência social, nos termos do disposto no art. 24 da Constituição Federal, hipótese em que a competência da União limitar-se-á a estabelecer normas gerais, de acordo com o disposto no art. 24, § 1º, da CF. II  Exame da compatibilização das normas estaduais com a Constituição Federal que é matéria complexa e não mecânica, atraindo inevitavelmente a intervenção do Poder Judiciário. III  Agravo regimental a que se nega provimento.", "partes": ["UNIÃO", "ESTADO DE MATO GROSSO"], "decisao": "O Tribunal, por unanimidade, negou provimento ao agravo regimental, nos termos do voto do Relator. Plenário, Sessão Virtual de 9.3.2018 a 15.3.2018."}