{"tipo": "Jurisprudência", "orgao": "Tribunal Pleno do STF", "titulo": "ADI 3767", "classe": "Ação Direta de Inconstitucionalidade", "materias": "Direito Constitucional", "ementa": "PROCESSO LEGISLATIVO – INICIATIVA. Ao Executivo cabe a iniciativa de projeto de lei a repercutir na remuneração e nos proventos de servidores. Precedentes: ações diretas de inconstitucionalidade nº 2.192/ES, relator o ministro Ricardo Lewandowski, e nº 341/PR, relator o ministro Eros Grau, acórdãos publicados, respectivamente, no Diário da Justiça de 20 de junho de 2008 e 19 de setembro de 2011.", "partes": ["GOVERNADOR DO ESTADO DO PARANÁ", "ASSEMBLEIA LEGISLATIVA DO ESTADO DO PARANÁ"], "decisao": "O Tribunal, por unanimidade e nos termos do voto do\nRelator, julgou procedente o pedido para declarar a\ninconstitucionalidade da Lei Complementar 116, de 30 de junho de\n2006, do Estado do Paraná. Ausente, neste julgamento, o Ministro\nGilmar Mendes. Presidiu o julgamento a Ministra Cármen Lúcia.\nPlenário, 8.3.2018."}