{"tipo": "Jurisprudência", "orgao": "TJMG Câmaras Criminais / 1ª CÂMARA CRIMINAL", "titulo": "Agravo de Instrumento-Cr 1.0105.17.020839-8/001", "classe": "Agravo de Instrumento", "materias": "Direito Penal", "ementa": "EMENTA: AGRAVO DE INSTRUMENTO CRIMINAL - REVOGAÇÃO DE MEDIDAS PROTETIVAS DE URGÊNCIA - IMPOSSIBILIDADE. Estando presentes os requisitos objetivos para aplicação das medidas protetivas e verificando que a vítima ainda se sente insegura quanto ao comportamento do agravante, se faz necessário a manutenção das medidas protetivas impostas.", "partes": ["CARLOS CEZAR DO AMARAL", "FLÁVIA REIS DE OLIVEIRA AMARAL"], "decisao": "SÚMULA: \"NEGARAM PROVIMENTO AO RECURSO\""}