{"tipo": "Jurisprudência", "orgao": "Tribunal Superior do Trabalho. 1ª Turma", "titulo": "Ag-AIRR - 61-74.2012.5.15.0072", "classe": "Agravo", "materias": ["Direito Processual do Trabalho", "Direito do Trabalho"], "ementa": "AGRAVO. AGRAVO DE INSTRUMENTO. RECURSO DE REVISTA INTERPOSTO NA VIGÊNCIA DA LEI Nº 13.015/14. REAJUSTES SALARIAIS CONCEDIDOS PELA CRUESP. INTERPRETAÇÃO DE LEI ESTADUAL. A parte agravante não apresenta argumentos capazes de desconstituir a juridicidade da decisão agravada, no sentido de que o recurso de revista não demonstrou pressuposto intrínseco previsto no art. 896, \"a\" e \"c\", da CLT. Na hipótese, as diferenças salariais foram deferidas com base em interpretação de norma estadual, cujos dispositivos indicam a aplicabilidade dos índices adotados pelo CRUESP - Conselho de Reitores das Universidades do Estado de São Paulo, o que afasta a violação direta e literal de dispositivo da Constituição Federal. Precedentes. Agravo a que se nega provimento.", "partes": ["CENTRO ESTADUAL DE EDUCAÇÃO TECNOLÓGICA PAULA SOUZA - CEETEPS", "MARIA ÂNGELA DA SILVA GOMES RODRIGUES NOGUEIRA"], "decisao": "ACORDAM os Ministros da Primeira Turma do Tribunal Superior do Trabalho, por unanimidade, conhecer do agravo e, no mérito, negar-lhe provimento."}