{"tipo": "Jurisprudência", "orgao": "Tribunal Superior do Trabalho. 7ª Turma", "titulo": "Ag-AIRR - 1188-98.2014.5.03.0011", "classe": "Agravo", "materias": "Direito Processual do Trabalho", "ementa": "AGRAVO. AGRAVO DE INSTRUMENTO EM RECURSO DE REVISTA INTERPOSTO NA VIGÊNCIA DA LEI 13.015/2014. RESPONSABILIDADE SUBSIDIÁRIA. ARTIGO 896, § 1º-A, I, DA CLT. INDICAÇÃO DO TRECHO DA DECISÃO RECORRIDA QUE CONSUBSTANCIA O PREQUESTIONAMENTO DA CONTROVÉRSIA OBJETO DO RECURSO DE REVISTA. PRESSUPOSTO RECURSAL NÃO OBSERVADO. Os pressupostos recursais incluídos pela Lei 13.015/2014 devem ser prontamente observados pelo Recorrente, sob pena de não conhecimento do recurso interposto. Na hipótese em exame, a decisão agravada registrou que a parte não se desincumbiu do ônus processual, previsto no artigo 896, § 1º-A, I, da CLT, de indicar o trecho da decisão recorrida que consubstancia o prequestionamento da controvérsia objeto do recurso de revista, razão pela qual, inviabilizado o processamento do recurso de revista, foi negado seguimento ao agravo de instrumento que visava destrancá-lo. Nesse contexto, como os argumentos trazidos pela parte não são suficientes a alterar tal constatação, resta íntegra a decisão atacada. Agravo não provido.", "partes": ["DANIEL FRANCISCO LOBO PASSOS", "PROTEX VIGILÂNCIA E SEGURANÇA LTDA.", "COMPANHIA BRASILEIRA DE TRENS URBANOS - CBTU"], "decisao": "ACORDAM os Ministros da Sétima Turma do Tribunal Superior do Trabalho, por unanimidade, negar provimento ao agravo."}