{"tipo": "Jurisprudência", "orgao": "TJMG Câmaras Criminais / 1ª CÂMARA CRIMINAL", "titulo": "Agravo de Instrumento-Cr 1.0582.16.000875-8/001", "classe": "AGRAVO DE INSTRUMENTO", "materias": "Direito Penal", "ementa": "EMENTA: AGRAVO DE INSTRUMENTO CRIMINAL - INSURGÊNCIA MINISTERIAL - MEDIDAS PROTETIVAS DE URGÊNCIA - LEI MARIA DA PENA - PRESENTES OS REQUISITOS PARA CONCESSÃO DAS MEDIDAS - LIMINAR - DEFERIMENTO - RECURSO CONHECIDO E PROVIDO \n- A medida protetiva prevista na Lei n.º 11.340/06 - Lei Maria da Penha é medida de natureza excepcional, de caráter administrativo-penal, exigindo, para sua aplicação, a presença dos requisitos da urgência e perigo de dano. \n- Bastando que haja indícios, como a palavra da ofendida, de autoria e materialidade da prática de violência no âmbito doméstico, nada impede que as medidas protetivas sejam concedidas.", "partes": ["MINISTÉRIO PÚBLICO DO ESTADO DE MINAS GERAIS", "MARCOS ANTÔNIO SARDINHA"], "decisao": "SÚMULA: \"SÚMULA: DERAM PROVIMENTO AO RECURSO\""}