{"tipo": "Jurisprudência", "orgao": "TJMG Câmaras Cíveis / 8ª CÂMARA CÍVEL", "titulo": "Agravo de Instrumento-Cv 1.0540.17.000834-1/001", "classe": "AGRAVO DE INSTRUMENTO", "materias": "Direito Administrativo", "ementa": "EMENTA: AGRAVO DE INSTRUMENTO - FORNECIMENTO DE ENERGIA\nELÉTRICA - ANTECIPAÇÃO DE TUTELA - PRODUTOR RURAL - NECESSIDADE DE REALIZAÇÃO DE OBRAS - PRAZO EM CONSONÂNCIA COM RESOLUÇÃO Nº 414/2012 - ILEGALIDADE NÃO COMPROVADA\n- Apesar de a Resolução da ANEEL n. 414, de 09 de setembro de 2012 prever o prazo para o cumprimento do fornecimento, fica ressalvada, no mesmo dispositivo legal, a possibilidade da existência de outros prazos específicos para o cumprimento do referido fornecimento, a depender da complexidade de cada caso.\n- Uma vez que a agravada poderá estipular prazo diverso, podendo executar as obras de acordo com o cronograma da distribuidora, não se configura assim, mora da agravada em adimplir o previsto na referida comunicação uma vez que não houve negativa da concessionária em fornecer energia elétrica à propriedade rural do agravante, tão somente foi informado ao agravante que sua propriedade rural seria atendida em até o dia 31/12/2018, prazo este que ainda não se encerrou.", "partes": ["GENDIRE CARVALHO DA SILVA", "CEMIG DISTRIBUIÇÃO S/A"], "decisao": "SÚMULA: \"NEGARAM PROVIMENTO AO RECURSO.\""}