{"tipo": "Jurisprudência", "orgao": "TSE", "titulo": "PC - Agravo Regimental em Prestação de Contas nº 131455 - BRASÍLIA - DF", "classe": "Agravo Regimental", "materias": "Direito Eleitoral", "ementa": "ELEIÇÕES 2012. AGRAVO REGIMENTAL. PRESTAÇÃO DE CONTAS DE CAMPANHA. DIRETÓRIO NACIONAL DO PÁRTIDO DÓ MOVIMENTÕ DEMOCRÁTICO BRASILEIRO (PMDB). AUSÊNCIA DE RÊCIBÕS ELEITORAIS PERCENTUAL DIMINUTO APROVAÇÃO COM RESSALVAS NÃO PROVIMENTO \n\n1. Contas de campanha Eleições 2012. Incidência da Res-TSE n° 23 376/2012. \n2. A ausência de manifestação oportuna do Partido sobre os vícios relacionados pela unidade técnica faz incidir, a preclusão quando não apontados fatos novos ou não indicada motivação excepcional para juntada tardia dos esclarecimentos.  \n3. Total da irregularidade que representa 1,11% do 'valor total arrecadado pela agremiação, somada a ausência de elementos conducentes a desaprovação, a atrair a aprovação das contas com ressalvas, ria linha da atual jurisprudência,do TSE. \n\nAgravo regimental conhecido e não provido.", "partes": "PARTIDO DO MOVIMENTO DEMOCRÁTICO BRASILEIRO (PMDB) - NACIONAL", "decisao": "O Tribunal, por unanimidade, negou provimento ao agravo regimental, nos termos do voto da Relatora. Votaram com a Relatora os Ministros Napoleão Nunes Maia Filho, Jorge Mussi, Admar Gonzaga, Tarcisio Vieira de Carvalho Neto, Luiz Fux e Gilmar Mendes (Presidente). Composição: Ministros Gilmar Mendes (Presidente), Luiz Fux, Rosa Weber, Napoleão Nunes Maia Filho, Jorge Mussi, Admar Gonzaga e Tarcisio Vieira de Carvalho Neto."}