{"tipo": "Jurisprudência", "orgao": "STM", "titulo": "AGRAVO INTERNO Nº 7000077-04.2017.7.00.0000", "classe": "Agravo Interno", "materias": "Direito Penal Militar", "ementa": "AGRAVO INTERNO. ART. 290 CPM. CONTAGEM\nPERÍODO PROVA DE SURSIS PARA FINS DE INDULTO.\nINCONSTITUCIONALIDADE DO DECRETO PRESIDENCIAL DE\nINDULTO. EMBARGOS DE DECLARAÇÃO OPOSTOS CONTRA\nACÓRDÃO DE RECURSO EM SENTIDO ESTRITO. INADMISSÃO.\n AGRAVADA A DECISÃO PELA DEFENSORIA PÚBLICA DA UNIÃO.\nAGRAVO REJEITADO. UNÂNIME.\nO Acórdão embargado, em sede de Recurso em Sentido Estrito,\nanalisou os argumentos apresentados pela Defensoria Pública\nda União.\nA hipotética mácula aos princípios constitucionais mencionados\npela DPU foi examinada e repelida, considerando-se, por\nconsequência lógica, o decreto de indulto como constitucional.\nEvidente clareza no Acórdão atacado. Descabida a menção do\nEmbargante à omissão, o que gerou a decisão de\ninadmissibilidade dos Embargos de Declaração.\nIrresignação da DPU e interposição de Agravo Interno, contra a\ndecisão monocrática de inadmissibilidade.\nAusência de novos argumentos no Agravo Interno para\nmodificar o entendimento anteriormente consignado.\nMatéria prequestionada, para fins de exaurimento da instância.\nAgravo rejeitado.\nDecisão unânime.", "partes": ["NELSON BARROSO FERREIRA", "MINISTÉRIO PÚBLICO MILITAR"], "decisao": "Vistos, relatados e discutidos estes autos, acordam os ministros do\nSuperior Tribunal Militar, em sessão de julgamento, sob a\npresidência do Ministra Dra. MARIA ELIZABETH GUIMARÃES\nTEIXEIRA, na conformidade do Extrato da Ata do Julgamento, por\nunanimidade de votos, em rejeitar o Agravo Interno, nos termos do\nvoto do Relator Ministro JOSÉ BARROSO FILHO."}