{"tipo": "Jurisprudência", "orgao": "TSE", "titulo": "AGRAVO REGIMENTAL NO RECURSO ESPECIAL ELEITORAL N° 68-49", "classe": "Agravo Regimental", "materias": "Direito Eleitoral", "ementa": "ELEIÇÕES 2016. AGRAVO INTERNO EM RECURSO ESPECIAL. REPRESENTAÇÃO. PROPAGANDA ELEITORAL ANTECIPADA NEGATIVA. DISTRIBUIÇÃO DE FOLHETOS IMPRESSOS COM CRÍTICAS À GESTÃO ADMINISTRATIVA MUNICIPAL, NA PESSOA DA CANDIDATA OPONENTE, ENALTECENDO OS CANDIDATOS FILIADOS AO PARTIDO POLÍTICO AGRAVANTE. EXTRAPOLADA A DIVULGAÇÃO DE POSICIONAMENTO PESSOAL SOBRE QUESTÕES POLÍTICAS, AUTORIZADA PELO INCISO V DO ART. 36-A DA LEI 9.504/97. CONFIGURAÇÃO DO ILÍCITO. AFRONTA A LEI E DISSÍDIO NÃO DEMONSTRADOS. AGRAVO A QUE SE NEGA PROVIMENTO.", "partes": ["Partido da Social Democracia Brasileira (PSDB) - Municipal", "Partido Social Democrata Cristão (PSDC) - Municipal"], "decisao": "O Tribunal, por unanimidade, negou provimento ao agravo regimental, nos termos do voto do relator."}