{"tipo": "Jurisprudência", "orgao": "4ª Turma do STJ", "titulo": "AgRg no RECURSO ESPECIAL Nº 971.113 - SP (2007/0173845-8)", "classe": "Agravo Regimental", "materias": "Direito Civil", "ementa": "AGRAVO REGIMENTAL NO RECURSO ESPECIAL. INDENIZAÇÃO.\nFIXAÇÃO EM SALÁRIOS MÍNIMOS. POSSIBILIDADE. DANOS MORAIS.\nINSCRIÇÃO EM CADASTROS DE PROTEÇÃO AO CRÉDITO. QUANTUM\nINDENIZATÓRIO FIXADO EM 50 (CINQÜENTA) SALÁRIOS MÍNIMOS.\n1. É inadmitida a utilização do salário mínimo como fator de correção\nmonetária; todavia, não há nenhuma vedação legal a que se fixe o valor de\nindenização por danos morais tomando como referência tal parâmetro.\n2. A alteração, em recurso especial, dos valores arbitrados a título de reparação\nde danos morais somente é possível nos casos em que o valor determinado nas\ninstâncias ordinárias seja irrisório ou exagerado.\n3. O STJ firmou entendimento de que é razoável a condenação a até 50\n(cinqüenta) salários mínimos por indenização decorrente de inscrição indevida em\nórgãos de proteção ao crédito.\n4. Agravo regimental desprovido.", "partes": ["BANCO PANAMERICANO S/A", "ELZA ALMEIDA MENDES"], "decisao": "A Turma, por unanimidade, negou provimento ao agravo regimental, nos termos do voto\ndo Sr. Ministro Relator.\nOs Srs. Ministros Luis Felipe Salomão, Honildo Amaral de Mello Castro (Desembargador\nconvocado do TJ/AP), Fernando Gonçalves e Aldir Passarinho Junior votaram com o Sr. Ministro\nRelator."}