{"tipo": "Jurisprudência", "orgao": "Tribunal Superior do Trabalho. 2ª Turma", "titulo": "AIRR - 28500-14.2009.5.06.0020", "classe": "Agravo de Instrumento em Recurso de Revista", "materias": "Direito Processual do Trabalho", "ementa": "AGRAVO DE INSTRUMENTO EM RECURSO DE REVISTA INTERPOSTO NA VIGÊNCIA DA LEI 13.015/2014. EXECUÇÃO. ARREMATAÇÃO DE BEM. ANULAÇÃO. PREÇO VIL. PREQUESTIONAMENTO. A Parte, nas razões de recurso de revista, não observou os pressupostos do art. 896, § 1.º-A, I, da CLT, deixando de indicar o trecho da decisão que consubstancia o prequestionamento da controvérsia objeto do recurso de revista. Agravo de instrumento não provido.", "partes": ["UNIÃO (PGFN)", "EDELSON BARBOSA DE SOUZA", "OUTRO"], "decisao": "ACORDAM os Ministros da Segunda Turma do Tribunal Superior do Trabalho, por unanimidade, negar provimento ao agravo de instrumento."}