{"tipo": "Jurisprudência", "orgao": "Tribunal Superior do Trabalho. 7ª Turma", "titulo": "AIRR - 1570-88.2011.5.05.0222", "classe": "Agravo de Instrumento em Recurso de Revista", "materias": "Direito do Trabalho", "ementa": "AGRAVO DE INSTRUMENTO EM RECURSO DE REVISTA EM FACE DE DECISÃO PUBLICADA ANTES DA VIGÊNCIA DA LEI Nº 13.015/2014. ILEGITIMIDADE PASSIVA AD CAUSAM. TOMADOR DE SERVIÇOS. Por figurar como tomador de serviços e, consequentemente, participar da relação jurídica mantida entre a autora e a primeira reclamada, o ente público agravante tem legitimidade para compor o polo passivo da ação. Agravo de instrumento a que se nega provimento. ADMINISTRAÇÃO PÚBLICA. RESPONSABILIDADE SUBSIDIÁRIA. CONTRATO DE PRESTAÇÃO DE SERVIÇOS. A contratação de empresa prestadora de serviços, por meio de regular licitação, não basta para excluir a responsabilidade do ente público. Nos termos do item V da Súmula nº 331 do TST, editado à luz da decisão proferida pelo Supremo Tribunal Federal na ADC nº 16/DF, em se tratando de terceirização de serviços, os entes integrantes da Administração Pública direta e indireta responderão subsidiariamente pelas dívidas trabalhistas das empresas prestadoras, quando forem negligentes em relação ao dever de fiscalizar o cumprimento das obrigações contratuais e legais da contratada. No presente caso, o Tribunal Regional, soberano na análise do conjunto probatório, registrou que o ente público não fiscalizou a contento o cumprimento do contrato com a empresa prestadora. Assim, ao atribuir responsabilidade subsidiária à agravante, decidiu em plena sintonia com o verbete acima mencionado. Agravo de instrumento a que se nega provimento.", "partes": ["PETRÓLEO BRASILEIRO S.A. - PETROBRAS", "MICHELE DE LIMA MESQUISTA e ESTACON ENGENHARIA S.A."], "decisao": "ACORDAM os Ministros da Sétima Turma do Tribunal Superior do Trabalho, por unanimidade, negar provimento ao agravo de instrumento."}