{"tipo": "Jurisprudência", "orgao": "Tribunal Superior do Trabalho. 5ª Turma", "titulo": "AIRR - 399-95.2014.5.02.0086", "classe": "Agravo de Instrumento", "materias": "Direito Processual do Trabalho", "ementa": "AGRAVO DE INSTRUMENTO. RECURSO DE REVISTA. LEI Nº 13.015/2014. ART. 896, § 1º-A, I, DA CLT. FGTS. PRESCRIÇÃO. A indicação do trecho da decisão regional que consubstancia o prequestionamento da matéria objeto do recurso é encargo da recorrente, exigência formal intransponível ao conhecimento do recurso de revista. Precedentes. Agravo de instrumento a que se nega provimento.", "partes": ["NATALINO DO CARMO SOBRINHO", "SOCIEDADE HIPICA PAULISTA"], "decisao": "ACORDAM os Ministros da Quinta Turma do Tribunal Superior do Trabalho, por unanimidade, negar provimento ao agravo de instrumento."}