{"tipo": "Jurisprudência", "orgao": "Tribunal Superior do Trabalho. 3ª Turma", "titulo": "AIRR - 801-42.2012.5.02.0315", "classe": "Agravo de Instrumento em Recurso de Revista", "materias": ["Direito do Trabalho", "Direito Civil"], "ementa": "AGRAVO DE INSTRUMENTO. RECURSO DE REVISTA. PROCESSO SOB A ÉGIDE DA LEI Nº 13.015/14. 1. TERCEIRIZAÇÃO TRABALHISTA. ENTIDADES ESTATAIS. ENTENDIMENTO FIXADO PELO STF NA ADC Nº 16-DF. SÚMULA 331, V, DO TST. RESPONSABILIDADE SUBSIDIÁRIA. NECESSIDADE DE COMPROVAÇÃO DE CONDUTA CULPOSA NO CUMPRIMENTO DAS OBRIGAÇÕES DA LEI 8.666/93 EXPLICITADA NO ACÓRDÃO REGIONAL. 2. JUROS DE MORA. OJ 382/SBDI-1/TST. Em observância ao entendimento fixado pelo STF na ADC nº 16-DF, passou a prevalecer a tese de que a responsabilidade subsidiária dos entes integrantes da Administração Pública direta e indireta não decorre de mero inadimplemento das obrigações trabalhistas assumidas pela empresa regularmente contratada, mas apenas quando explicitada no acórdão regional a sua conduta culposa no cumprimento das obrigações da Lei 8.666, de 21.6.1993, especialmente na fiscalização do cumprimento das obrigações contratuais e legais da prestadora de serviço como empregadora. No caso concreto, o TRT a quo manteve a condenação subsidiária, delineando, de forma expressa, a culpa in vigilando da entidade estatal. Ainda que a Instância Ordinária mencione fundamentos não acolhidos pela decisão do STF na ADC nº 16-DF, o fato é que, manifestamente, afirmou no decisum que houve culpa in vigilando da entidade estatal quanto ao cumprimento das obrigações trabalhistas pela empresa prestadora de serviços terceirizados. A configuração da culpa in vigilando, caso afirmada pela Instância Ordinária (como ocorreu nos presentes autos), autoriza a incidência da responsabilidade subsidiária da entidade tomadora de serviços (arts. 58 e 67, Lei 8.666/93, 186 e 927 do Código Civil). Agravo de instrumento desprovido.", "partes": ["EMPRESA BRASILEIRA DE CORREIOS E TELÉGRAFOS - ECT", "JOSÉ ARIMACIR DE SOUSA", "BRAZILIAN EXPRESS TRANSPORTES AÉREOS LTDA"], "decisao": "ACORDAM os Ministros da Terceira Turma do Tribunal Superior do Trabalho, por unanimidade, negar provimento ao agravo de instrumento."}