{"tipo": "Jurisprudência", "orgao": "2ª Turma do TST", "titulo": "AIRR - 58140-68.2006.5.03.0079", "classe": "Agravo de Instrumento", "materias": "Direito Processual do Trabalho", "ementa": "AGRAVO DE INSTRUMENTO. RECURSO DE REVISTA. SUMARÍSSIMO. ACORDO JUDICIAL - AUTÔNOMO - CONTRIBUIÇÃO PREVIDENCIÁRIA - BASE DE CÁLCULO. A admissibilidade do recurso de revista contra acórdão proferido em procedimento sumaríssimo depende de demonstração inequívoca de afronta direta à Constituição da República ou de contrariedade a súmula desta Corte. Aplicabilidade do art. 896, § 6º, da Consolidação das Leis do Trabalho, com a redação dada pela Lei nº 9.957, de 12.1.2000. Agravo desprovido.", "partes": ["UNIÃO (PGF)", "JOSÉ ARNALDO DOS SANTOS", "KIMHITI MIYAKE"], "decisao": "ACORDAM os Ministros da Segunda Turma do Tribunal Superior do Trabalho, por unanimidade, conhecer do agravo de instrumento para negar-lhe provimento."}