{"tipo": "Jurisprudência", "orgao": "STM", "titulo": "APELAÇÃO N° 77-14.2016.7.08.0008/PA", "classe": "Apelação", "materias": "Direito Processual Penal Militar", "ementa": "EMENTA:   APELAÇÃO.   PRELIMINAR   DE   INTEMPETIVIDADE   DO\nRECURSO  DA  DEFESA.  DECURSO\nIN  ALBIS\n.REQUISITOS  DE\nADMISSIBILIDADE  NÃO  ATENDIDOS.  TRÂNSITO  EM  JULGADO  DA\nSENTENÇA. ACOLHIMENTO. UNÂNIME.\nA  interposição  de  apelos  deve  atender  a  sistemática  processual  de\ncontagem de prazos, qual seja, exclui-se o dia da intimação e inicia-se o\ncômputo a partir do dia útil subsequente a esta.\nTem-se  que  a  contagem  dos  5  (cinco)  dias  estabelecidos  pelo  art.  529\ndo  CPPM  iniciou-se  no  dia  23/6/2017  (sexta-feira)  e  findou-se  em\n27/6/2017  (terça-feira).  No  entanto,  a  Apelação  foi  protocolizada  em\nJuízo apenas no dia 29/6/2017 (quinta-feira).\nDeixou,  de  fato,  a  Defesa  transcorrer\nin  albis\n  o  lapso  temporal  para  a\ninterposição do recurso, tendo, em consequência, ocorrido o trânsito em\njulgado da sentença para o réu em 28/6/2017 (quarta-feira).\nPreliminar acolhida. Decisão unânime", "partes": ["WUALLACY MANOEL BARROS PEREIRA", "MINISTÉRIO PÚBLICO MILITAR"], "decisao": "Vistos, relatados e discutidos estes autos, acordam os ministros do Superior Tribunal Militar, em\nsessão  de  julgamento,  sob  a  presidência  do  Ministro  Gen  Ex  LÚCIO  MÁRIO  DE  BARROS  GÓES,  na\nconformidade  do  Extrato  da  Ata  do  Julgamento,  por  unanimidade  de  votos,  em  face  do  não  atendimento  dos\nrequisitos de admissibilidade, em acolher a preliminar suscitada pelo Ministério Público Militar e não conhecer do\nRecurso interposto pela Defesa."}