{"tipo": "Jurisprudência", "orgao": "STM", "titulo": "EMBARGOS DE DECLARAÇÃO 7000152-65.2017.7.00.0000", "classe": "Embargos de Declaração", "materias": "Direito Processual Civil", "ementa": "EMENTA: EMBARGOS DE DECLARAÇÃO. CONTRADIÇÃO.\nNÃO OCORRÊNCIA. DECLINAÇÃO DA COMPETÊNCIA. NOVA\nSISTEMÁTICA PROCESSUAL CIVIL.A nova sistemática\nprocessual brasileira, especialmente após a edição do\nCódigo de Processo Civil de 2015, revela a intenção do\nlegislador de desformalização do processo e efetividade da\ntutela jurisdicional, conforme se observa da Exposição de\nMotivos:\"Com os mesmos objetivos, consistentes em\nsimplificar o processo, dando-lhe, simultaneamente, o\nmaior rendimento possível, criou-se a regra de que não há\nmais extinção do processo, por decisão de inadmissão de\nrecurso, caso o tribunal destinatário entenda que a\ncompetência seria de outro tribunal. Há, isto sim, em todas\nas instâncias, inclusive no plano do STJ e STF, a remessa\ndos autos ao tribunal competente\".Correto, no caso sub\nexamine, a não extinção do feito sem julgamento de mérito\ncom a declinação de competência nos termos do art. 64, §§\n1º e 3º, do Código de Processo Civil/2015.Embargos\nDeclaratórios não acolhidos. Decisão unânime.", "partes": ["UNIÃO", "HELOÍSA HELENA DA SILVA PAIVA"], "decisao": "Vistos, relatados e discutidos estes autos, acordam os ministros do Superior\nTribunal Militar, em sessão de julgamento, sob a presidência do Ministro Dr. JOSÉ\nCOÊLHO FERREIRA, na conformidade do Extrato da Ata do Julgamento , por\nunanimidade de votos, em conhecer e rejeitar os Embargos de Declaração\nopostos pela Advocacia-Geral da União."}