{"tipo": "Jurisprudência", "orgao": "Segunda Câmara Cível TJAC", "titulo": "Acórdão n. : 5.585", "classe": "Embargos de Declaração", "materias": "Direito Processual Civil", "ementa": "EMBARGOS DE DECLARAÇÃO EM AGRAVO DE INSTRUMENTO. CONTRADIÇÃO ENTRE A FUNDAMENTAÇÃO DO ACÓRDÃO E A SUA PARTE DISPOSITIVA. INEXISTÊNCIA. APLICAÇÃO DA SÚMULA 410 DO STJ. PRETEXTO PARA REDISCUTIR AS CONCLUSÕES DO ARESTO. OMISSÃO NO TOCANTE À FIXAÇÃO DE HONORÁRIOS ADVOCATÍCIOS. IMPOSSIBILIDADE. NÃO ACOLHIMENTO DOS EMBARGOS DE DECLARAÇÃO. 1. Os embargos de declaração cingem-se às hipóteses descritas no art. 1.022 do Código de Processo Civil. 2. No caso em exame, restou consignado claramente a vigência da Súmula 410 do Superior Tribunal de Justiça sob a égide do novo Código de Processo Civil e a sua aplicação ao caso dos autos, bem como as razões pelas quais a publicação do Acórdão embargado deve ser considerada como intimação para o banco cumprir a obrigação que fora imposta na sentença exequenda. Inexistência de Contradição. 3. A ausência de fixação de honorários advocatícios na instância recursal se deve à sua não previsão no decisum recorrido, posto que não há como majorar aquilo que não foi estipulado, a teor de precedentes do STJ. Omissão descabida. 4. A colmatação desses supostos vícios implicaria prejuízo aos interesses da parte embargante, na medida em que representaria maior demora no cumprimento de obrigação com previsão de astreintes em seu favor. 5. Rejeição dos aclaratórios. Vistos, relatados e discutidos estes autos de Embargos de Declaração n. 1002199-81.2017.8.01.0000/50000, DECIDE a Segunda Câmara Cível do Tribunal de Justiça do Estado do Acre, à unanimidade, REJEITAR os Embargos de Declaração, nos termos do voto da Desembargadora Relatora e das mídias digitais gravadas.", "partes": ["DÉBORAH LARANJEIRA MACHADO", "BANCO PAN S.A."], "decisao": "\"Decide a Segunda Câmara Cível rejeitar os embargos de\ndeclaração, nos termos do voto da Desembargadora\nRelatora. Unânime\"."}