{"tipo": "Jurisprudência", "orgao": "Tribunal Superior do Trabalho. 2ª Turma", "titulo": "Acórdão do processo Nº ED-RR - 151-93.2010.5.09.0242", "classe": "Embargos de declaração", "materias": "Direito do Trabalho", "ementa": "EMBARGOS DE DECLARAÇÃO. HORAS IN ITINERE. LIMITAÇÃO PREVISTA EM NORMA COLETIVA. PRESTAÇÃO DE ESCLARECIMENTOS. Hipótese em que se dá provimento aos embargos de declaração apenas para prestar esclarecimentos, sem, contudo, imprimir efeito modificativo ao julgado embargado. Embargos de declaração providos apenas para prestar esclarecimentos.", "partes": ["VERIDIANA DOS REIS", "NOVA AMÉRICA S.A. - AGRÍCOLA"], "decisao": "ACORDAM os Ministros da Segunda Turma do Tribunal Superior do Trabalho, por unanimidade, dar provimento aos embargos de declaração apenas para prestar esclarecimentos."}