{"tipo": "Jurisprudência", "orgao": "Plenário STF", "titulo": "HC 151914 AgR / ES - ESPÍRITO SANTO", "classe": "Agravo Regimental", "materias": "Direito Processual Penal", "ementa": "AGRAVO REGIMENTAL EM HABEAS CORPUS. IMPETRAÇÃO CONTRA DECISÃO DE MINISTRO DO SUPREMO TRIBUNAL FEDERAL. IMPOSSIBILIDADE. APLICAÇÃO ANALÓGICA DA SÚMULA 606/STF. PRECEDENTES. 1. Não cabe ao Supremo Tribunal Federal conhecer de habeas corpus impetrado contra decisão proferida por Ministro do Supremo Tribunal Federal. Incidência, por analogia, da Súmula 606/STF (cf. HC 137.701-AgR, Rel. Min. DIAS TOFFOLI, Tribunal Pleno, Dje de 13/3/2017; HC 136.097-AgR, Rel. Min. LUIZ FUX, Tribunal Pleno, Dje de 3/11/2016; HC 132.400-AgR, Rel. Min. ROSA WEBER, Tribunal Pleno, DJe de 6/9/2016 e HC 97.009, Rel. Min. MARCO AURÉLIO, Rel. p/ Acórdão: Min. TEORI ZAVASCKI, Tribunal Pleno, DJe de 4/4/2014). 2. Agravo regimental a que se nega provimento.", "partes": ["LOPO MEIRELES JUNIOR", "GLAUCO JABOUR MEIRELLES", "ARLETE BARRETO DE ARAUJO SILVEIRA"], "decisao": "O Tribunal, por maioria, negou provimento ao agravo\nregimental, nos termos do voto do Relator. Vencido o Ministro\nMarco Aurélio. O Ministro Celso de Mello acompanhou o Relator com\nressalva. Plenário, Sessão Virtual de 9.3.2018 a 15.3.2018."}