{"tipo": "Jurisprudência", "orgao": "STM", "titulo": "STM - HC 7000084-59.2018.7.00.0000", "classe": "Habeas Corpus", "materias": "Direito Processual Penal", "ementa": "HABEAS CORPUS. DESERÇÃO. APRESENTAÇÃO VOLUNTÁRIA. DISPENSA DA AUDIÊNCIA DE CUSTÓDIA. ILEGALIDADE. ORDEM DE HABEAS CORPUS CONCEDIDA. CONFIRMAÇÃO DA LIMINAR. UNANIMIDADE. A Audiência de Custódia constitui garantia do preso e instrumento de controle de legalidade e de verificação da situação do agente quanto à necessidade de manutenção da constrição de sua liberdade. A apresentação voluntária do desertor não constitui excepcionalidade apta a justificar a dispensa da Audiência de Custódia, sendo, inclusive, indiciária de sua necessidade. Habeas corpus concedido. Unanimidade.", "partes": ["JEFERSON DOS SANTOS DO AMARAL", "DEFENSORIA PÚBLICA DA UNIÃO"], "decisao": "Vistos, relatados e discutidos estes autos, acordam os ministros do Superior Tribunal Militar, em sessão de\njulgamento, sob a Presidência do Ministro Dr. JOSÉ COÊLHO FERREIRA, na conformidade do extrato da ata do\njulgamento, por unanimidade, em conceder a ordem de habeas corpus confirmando o provimento liminar\nnos termos em que foi deferido."}