{"tipo": "Jurisprudência", "orgao": "STM", "titulo": "HABEAS CORPUS 7000069-27.2017.7.00.0000", "classe": "Habeas Corpus", "materias": "Direito Processual Penal Militar", "ementa": "EMENTA: HABEAS CORPUS. AUDIÊNCIA DE INQUIRIÇÃO DE TESTEMUNHAS. ALEGAÇÃO DE AUSÊNCIA DE INTIMAÇÃO PESSOAL DA ADVOGADA CONSTITUÍDA PELO RÉU. ART. 288 DO CÓDIGO DE PROCESSO PENAL MILITAR. CERTIDÃO EXPEDIDA PELO CARTÓRIO DO JUÍZO DE PRIMEIRO GRAU. FÉ PÚBLICA. INTIMAÇÃO POR CORREIO ELETRÔNICO. POSSIBILIDADE. PROVIMENTO Nº 3/2016 DO SUPERIOR TRIBUNAL MILITAR. NULIDADE NÃO COMPROVADA. ORDEM DE HABEAS CORPUS DENEGADA. UNANIMIDADE. O art. 288 do CPPM deve ser interpretado à luz dos tempos atuais, sendo certo que o e-mail consubstancia-se em meio de comunicação por via eletrônica utilizado no âmbito desta Justiça Castrense e, em especial, no caso em análise, na conformidade do Provimento nº 3/2016, que regula as atividades dos Oficiais de Justiça no âmbito da Justiça Militar da União. Além disso, a Certidão expedida por servidor do Cartório do Juízo apontado coator goza de fé pública, tornando a alegação da Impetrante de que não teria sido intimada para a Audiência de inquirição de testemunhas incipiente, haja vista não ter sido apresentada prova em sentido contrário, inexistindo, pois, causa de nulidade que justifique a concessão da ordem. Habeas corpus denegado. Unanimidade. (STM - HC 7000069-27.2017.7.00.0000, Relator Ministro Cleonilson Nicácio Silva. Publicação em 26/2/18.)", "partes": ["Dra. Gisele Correia dos Santos Batista", "Juiz-Auditor Substituto da 2ª Auditoria da 11ª CJM - JUSTIÇA MILITAR DA UNIÃO - Brasília"], "decisao": "Vistos, relatados e discutidos estes autos, acordam os ministros do Superior Tribunal Militar, em sessão de\njulgamento, sob a Presidência do Ministro Dr. JOSÉ COÊLHO FERREIRA, na conformidade do extrato da ata do\njulgamento, por unanimidade, em denegar a ordem de habeas corpus por falta de amparo legal."}