{"tipo": "Jurisprudência", "orgao": "TRIBUNAL SUPERIOR ELEITORAL", "titulo": "INSTRUÇÃO N° 0604337-81.2018.6.00.0000", "classe": "Instrução", "ementa": "Altera a Resolução-TSE n° 23.549, de 18 de dezembro de 2017, que dispõe sobre pesquisas eleitorais para as\neleições de 2018.", "partes": "Tribunal Superior Eleitoral", "decisao": "O Tribunal, por unanimidade, aprovou a proposta de alteração da Resolução-TSE nº 23.549/2017, nos termos do voto do Relator. Votaram com o Relator a Ministra Rosa Weber e os Ministros Luís Roberto Barroso, Napoleão Nunes Maia Filho, Jorge Mussi, Tarcisio Vieira de Carvalho Neto e Carlos Bastide Horbach."}