{"tipo": "Jurisprudência", "orgao": "TSE", "titulo": "PET_ - Petição nº 128 - BRASÍLIA - DF", "classe": "Petição", "ementa": "PARTIDO DO MOVIMENTO DEMOCRÁTICO BRASILEIRO (PMDB). RES.-TSE 23.465. ALTERAÇÃO ESTATUTÁRIA. RETIFICAÇÃO DE ARTIGO.\n\nApresentada a documentação exigida pelo art. 49 da Res.-TSE 23.465, qual seja, a ata da Convenção Nacional Extraordinária do PMDB, a cópia do inteiro teor do estatuto e a sua alteração registrada em cartório de pessoas jurídicas, defere-se o pedido de anotação de retificação do estatuto da agremiação, para consignar a expressão \"revogado\" no inciso II do art. 73 do referido regulamento, mantida a numeração original dos demais incisos, conforme decidido pela Convenção Nacional Ordinária sucedida em 2.3.2013.\n\nPedido deferido", "partes": "PARTIDO DO MOVIMENTO DEMOCRÁTICO BRASILEIRO (PMDB) - NACIONAL", "decisao": "O Tribunal, por unanimidade, deferiu o pedido de anotação de alteração estatutária, nos termos do voto do Relator. Votaram com o Relator os Ministros Tarcisio Vieira de Carvalho Neto, Luiz Fux, Rosa Weber, Napoleão Nunes Maia Filho, Jorge Mussi e Gilmar Mendes (Presidente). Composição: Ministros Gilmar Mendes (Presidente), Luiz Fux, Rosa Weber, Napoleão Nunes Maia Filho, Jorge Mussi, Admar Gonzaga e Tarcisio Vieira de Carvalho Neto."}