{"tipo": "Jurisprudência", "orgao": "Corte Especial do STJ", "titulo": "RECLAMAÇÃO Nº 3.495 - PE (2009/0078810-4)", "classe": "Reclamação", "materias": "Direito Constitucional", "ementa": "RECLAMAÇÃO. ATO DO CONSELHO DA JUSTIÇA FEDERAL.\nIMPUGNAÇÃO. PROCEDIMENTO. COMPETÊNCIA.\n1. De acordo com o art. 105, parágrafo único, da CF/88, o CJF é órgão que\nfunciona junto ao STJ, de modo que seus atos devem ser aqui impugnados\noriginariamente pela via do mandado de segurança, sendo cabível reclamação,\nperante o STJ, na hipótese de descumprimento de decisões daquele órgão.\n2. Os atos praticados pelo CJF no exercício de sua competência não podem ser\nsuspensos por antecipação de tutela deferida em ação ordinária ajuizada em 1º\ngrau de jurisdição, sob pena de subverter o sistema de controle administrativo,\nque passaria a ser supervisionado pelos próprios destinatários.\n3. Reclamação julgada procedente.", "partes": ["UNIÃO", "TRIBUNAL REGIONAL FEDERAL DA 5ª REGIÃO"], "decisao": "A Corte Especial, por maioria, julgou procedente a reclamação, nos termos do voto da\nSra. Ministra Relatora. Vencido o Sr. Ministro Arnaldo Esteves Lima.\nOs Srs. Ministros Castro Meira, Humberto Martins, Maria Thereza de Assis Moura,\nHerman Benjamin, Sidnei Beneti, Jorge Mussi, Raul Araújo, Sebastião Reis Júnior, Ari Pargendler\ne Eliana Calmon votaram com a Sra. Ministra Relatora.\nAusentes, justificadamente, os Srs. Ministros Francisco Falcão, Laurita Vaz, João Otávio\nde Noronha e Napoleão Nunes Maia Filho.\nLicenciado o Sr. Ministro Gilson Dipp, sendo substituído pelo Sr. Ministro Jorge Mussi.\nConvocados os Srs. Ministros Raul Araújo e Sebastião Reis Júnior."}