{"tipo": "Jurisprudência", "orgao": "Tribunal Superior do Trabalho. 2ª Turma", "titulo": "RR - 47-48.2014.5.23.0056", "classe": "Recurso de Revista", "materias": "Direito Processual do Trabalho", "ementa": "RECURSO DE REVISTA INTERPOSTO NA VIGÊNCIA DA LEI 13.015/2014. ADICIONAL DE INSALUBRIDADE. HORAS EXTRAS. DIFERENÇAS. TEMPO À DISPOSIÇÃO DO EMPREGADOR. HORAS IN ITINERE. MULTA NORMATIVA. PREQUESTIONAMENTO. Nas razões de recurso de revista, a recorrente não observou os pressupostos do art. 896, § 1.º-A, I, da CLT, deixando de indicar o trecho da decisão que consubstancia o prequestionamento da controvérsia objeto do recurso de revista. Recurso de revista não conhecido.", "partes": ["JBS S.A.", "NATHAN COSTA MENDES"], "decisao": "ACORDAM os Ministros da Segunda Turma do Tribunal Superior do Trabalho, por unanimidade, não conhecer do recurso de revista."}